-- ============================================================
--  HTB TRACKER · Datos iniciales (seed)
--  Generado automáticamente desde HTB_Maquinas_Organizado.xlsx
-- ============================================================
BEGIN;

-- Certificaciones
INSERT INTO certificaciones (id, nombre, descripcion, objetivo, requisitos_previos) VALUES
  (1, 'eJPT', 'Entry level Junior Penetration Tester - Certificación introductoria de Elearnsecurity', 'Aprender fundamentos de pentesting: OSINT, enumeración, escaneo y explotación básica', 'Ninguno - es el punto de entrada ideal'),
  (2, 'eCPPT', 'Certified Ethical Hacker Practical - Pentesting intermedio con énfasis en programming y networking', 'Dominar C programming, network sockets, buffer overflow y web exploitation desde perspectiva de desarrollo', 'eJPT recomendado - experiencia básica en Linux/Windows'),
  (3, 'eWPT', 'eLearnSecurity Web Penetration Tester - Especialización en web application testing', 'Explotar vulnerabilidades OWASP Top 10, testing de APIs, bypass de seguridad en aplicaciones web', 'eJPT recomendado - conocimientos de HTTP, HTML, JavaScript básico'),
  (4, 'OSCP', 'Offensive Security Certified Professional - La certificación de pentesting más reconocida en la industria', 'Pentesting avanzado: recon exhaustiva, privesc compleja, chaining de exploits, pivoting y Active Directory', 'eJPT + eCPPT - experiencia real en máquinas HTB'),
  (5, 'CPTS', 'Certified Penetration Testing Specialist - Pentesting enterprise-level, enfoque en seguridad corporativa', 'Auditoría de seguridad completa: redes, aplicaciones, infraestructura cloud, OSINT social engineering', 'OSCP recomendado');

-- Niveles
INSERT INTO niveles (id, certificacion_id, numero_nivel, nombre) VALUES
  (1, 1, 1, 'Fundamentals'),
  (2, 1, 2, 'Intermediate'),
  (3, 1, 3, 'Advanced'),
  (4, 2, 1, 'Fundamentals'),
  (5, 2, 2, 'Intermediate'),
  (6, 2, 3, 'Advanced'),
  (7, 3, 1, 'Fundamentals'),
  (8, 3, 2, 'Intermediate'),
  (9, 3, 3, 'Advanced'),
  (10, 4, 1, 'Fundamentals'),
  (11, 4, 2, 'Intermediate'),
  (12, 4, 3, 'Advanced'),
  (13, 5, 1, 'Fundamentals'),
  (14, 5, 2, 'Intermediate'),
  (15, 5, 3, 'Advanced');

-- Maquinas (291)
INSERT INTO maquinas (id, nombre, nivel, dificultad, estado, url_htb, htb_machine_id, tecnicas, notas) VALUES
  (1, 'Alert', 'Fundamentals', 'Easy', 'Completada', 'https://www.hackthebox.com/machines/alert', NULL, 'Footprinting, Metodología de pentesting web, OSINT básico, OWASP Top 10Burp Suite basics, Reconocimiento pasivo', NULL),
  (2, 'Antique', 'Fundamentals', 'Easy', 'Completada', 'https://www.hackthebox.com/machines/antique', NULL, 'Footprinting, OSINT básico, Reconocimiento pasivo', NULL),
  (3, 'Bashed', 'Fundamentals', 'Easy', 'Completada', 'https://www.hackthebox.com/machines/bashed', NULL, 'Footprinting, OSINT básico, Reconocimiento pasivo', NULL),
  (4, 'Blocky', 'Fundamentals', 'Easy', 'Completada', 'https://www.hackthebox.com/machines/blocky', NULL, 'Footprinting, OSINT básico, Reconocimiento pasivo', NULL),
  (5, 'BoardLight', 'Fundamentals', 'Easy', 'Completada', 'https://www.hackthebox.com/machines/board-light', NULL, 'Blind SQLi, Footprinting, Inyección SQL avanzada, OSINT básico, Reconocimiento pasivo, Time-based attacks', NULL),
  (6, 'Cap', 'Fundamentals', 'Easy', 'Completada', 'https://www.hackthebox.com/machines/cap', NULL, 'Banner grabbing, Enumeración de servicios, Escaneo de redes', NULL),
  (7, 'Chemistry', 'Fundamentals', 'Medium', 'Completada', 'https://www.hackthebox.com/machines/chemistry', NULL, 'Banner grabbing, DOM XSSXSS filter bypass, Enumeración de servicios, Escaneo de redes, XSS avanzado', NULL),
  (8, 'Code', 'Fundamentals', 'Easy', 'Completada', 'https://www.hackthebox.com/machines/code', NULL, 'Banner grabbing, DOM XSSXSS filter bypass, Enumeración de servicios, Escaneo de redes, XSS avanzado', NULL),
  (9, 'CozyHosting', 'Fundamentals', 'Easy', 'Completada', 'https://www.hackthebox.com/machines/cozyhosting', NULL, 'Authentication attacks, Banner grabbing, Broken auth, Enumeración de servicios, Escaneo de redes, Session fixation', NULL),
  (10, 'Crafty', 'Fundamentals', 'Medium', 'Completada', 'https://www.hackthebox.com/machines/crafty', NULL, 'Banner grabbing, Enumeración de servicios, Escaneo de redes, File upload attacks, Linux privilege escalation, Servicios vulnerables', NULL),
  (11, 'Delivery', 'Fundamentals', 'Easy', 'Completada', 'https://www.hackthebox.com/machines/delivery', NULL, 'Authentication attacks, Broken auth, Explotación básica web, SQL injection manual, Session fixation, XSS básico', NULL),
  (12, 'Devel', 'Fundamentals', 'Easy', 'Completada', 'https://www.hackthebox.com/machines/devel', NULL, 'Explotación básica web, Kernel exploits, SMB enumeration, SQL injection manual, Web fuzzing básico, XSS básico', NULL),
  (13, 'Driver', 'Fundamentals', 'Easy', 'Completada', 'https://www.hackthebox.com/machines/driver', NULL, 'Explotación básica web, SQL injection manual, XSS básico', NULL),
  (14, 'Editorial', 'Fundamentals', 'Easy', 'Completada', 'https://www.hackthebox.com/machines/editorial', NULL, 'Explotación básica web, IDOR y mass assignment, Parameter tampering, Price manipulation, SQL injection manual, XSS básico', NULL),
  (15, 'GoodGames', 'Fundamentals', 'Easy', 'Completada', 'https://www.hackthebox.com/machines/goodgames', NULL, 'Explotación básica web, IDOR y mass assignment, Metodología de pentesting profesional, Parameter tampering, Price manipulation, Report writing, SQL injection manual, Scoping y planning, XSS básico', NULL),
  (16, 'Grandpa', 'Fundamentals', 'Medium', 'Completada', 'https://www.hackthebox.com/machines/grandpa', NULL, 'IDOR y mass assignment, Kernel exploits, Metasploit Framework, Meterpreter básico, Parameter tampering, Price manipulation, SMB enumeration, Uso de exploits públicos, Web fuzzing básico', NULL),
  (17, 'Granny', 'Fundamentals', 'Easy', 'Completada', 'https://www.hackthebox.com/machines/granny', NULL, 'IDOR y mass assignment, Kernel exploits, Metasploit Framework, Meterpreter básico, Parameter tampering, Price manipulation, SMB enumeration, Uso de exploits públicos, Web fuzzing básico', NULL),
  (18, 'Horizontall', 'Fundamentals', 'Easy', 'Completada', 'https://www.hackthebox.com/machines/horizontall', NULL, 'IDOR y mass assignment, Metasploit Framework, Meterpreter básico, Parameter tampering, Price manipulation, Uso de exploits públicos', NULL),
  (19, 'Irked', 'Fundamentals', 'Medium', 'Completada', 'https://www.hackthebox.com/machines/irked', NULL, 'Metasploit Framework, Meterpreter básico, Uso de exploits públicos', NULL),
  (20, 'Jerry', 'Fundamentals', 'Easy', 'Completada', 'https://www.hackthebox.com/machines/jerry', NULL, 'Metasploit Framework, Meterpreter básico, Uso de exploits públicos', NULL),
  (21, 'Keeper', 'Fundamentals', 'Easy', 'Completada', 'https://www.hackthebox.com/machines/keeper', NULL, 'Escalada de privilegios Linux, Hash cracking, Post-exploitation básico', NULL),
  (22, 'Knife', 'Fundamentals', 'Easy', 'Completada', 'https://www.hackthebox.com/machines/knife', NULL, 'Escalada de privilegios Linux, Hash cracking, Post-exploitation básico', NULL),
  (23, 'Lame', 'Fundamentals', 'Easy', 'Completada', 'https://www.hackthebox.com/machines/lame', NULL, 'Escalada de privilegios Linux, Hash cracking, Post-exploitation básico', NULL),
  (24, 'Legacy', 'Fundamentals', 'Easy', 'Completada', 'https://www.hackthebox.com/machines/legacy', NULL, 'Active Directory básico, Escalada de privilegios Linux, Hash cracking, Kerberoasting, Password cracking, Post-exploitation básico', NULL),
  (25, 'Love', 'Fundamentals', 'Easy', 'Completada', 'https://www.hackthebox.com/machines/love', NULL, 'Escalada de privilegios Linux, Hash cracking, IDOR y mass assignment, Parameter tampering, Post-exploitation básico, Price manipulation', NULL),
  (26, 'Mirai', 'Fundamentals', 'Easy', 'Completada', 'https://www.hackthebox.com/machines/mirai', NULL, 'Escalada de privilegios Linux, Hash cracking, Post-exploitation básico', NULL),
  (27, 'Netmon', 'Fundamentals', 'Easy', 'Completada', 'https://www.hackthebox.com/machines/netmon', NULL, 'Buffer overflow básico, Escalada de privilegios Linux, Hash cracking, IDOR y mass assignment, Local File Inclusion, Parameter tampering, Post-exploitation básico, Price manipulation, SQL injection', NULL),
  (28, 'Networked', 'Fundamentals', 'Easy', 'Completada', 'https://www.hackthebox.com/machines/networked', NULL, 'Escalada de privilegios Linux, Hash cracking, IDOR y mass assignment, Parameter tampering, Post-exploitation básico, Price manipulation', NULL),
  (29, 'Nibbles', 'Fundamentals', 'Easy', 'Completada', 'https://www.hackthebox.com/machines/nibbles', NULL, 'Escalada de privilegios Linux, Hash cracking, Post-exploitation básico', NULL),
  (30, 'NodeBlog', 'Fundamentals', 'Easy', 'Completada', 'https://www.hackthebox.com/machines/nodeblog', NULL, 'Escalada de privilegios Linux, Hash cracking, IDOR y mass assignment, Parameter tampering, Post-exploitation básico, Price manipulation', NULL),
  (31, 'NunChucks', 'Fundamentals', 'Medium', 'Completada', 'https://www.hackthebox.com/machines/nunchucks', NULL, 'Escalada de privilegios Linux, Hash cracking, IDOR y mass assignment, Parameter tampering, Post-exploitation básico, Price manipulation', NULL),
  (32, 'PermX', 'Fundamentals', 'Easy', 'Completada', 'https://www.hackthebox.com/machines/permx', NULL, 'Escalada de privilegios Linux, Hash cracking, IDOR y mass assignment, Parameter tampering, Post-exploitation básico, Price manipulation', NULL),
  (33, 'Pilgrimage', 'Fundamentals', 'Easy', 'Completada', 'https://www.hackthebox.com/machines/pilgrimage', NULL, 'Escalada de privilegios Linux, Hash cracking, IDOR y mass assignment, Parameter tampering, Post-exploitation básico, Price manipulation', NULL),
  (34, 'Previse', 'Fundamentals', 'Medium', 'Completada', 'https://www.hackthebox.com/machines/previse', NULL, 'Escalada de privilegios Linux, Hash cracking, IDOR y mass assignment, Parameter tampering, Post-exploitation básico, Price manipulation', NULL),
  (35, 'Return', 'Fundamentals', 'Easy', 'Pendiente', 'https://www.hackthebox.com/machines/return', NULL, 'Escalada de privilegios Linux, Hash cracking, Post-exploitation básico', NULL),
  (36, 'ScriptKiddie', 'Fundamentals', 'Easy', 'Pendiente', 'https://www.hackthebox.com/machines/scriptkiddie', NULL, 'Escalada de privilegios Linux, Hash cracking, Post-exploitation básico', NULL),
  (37, 'Shocker', 'Fundamentals', 'Easy', 'Pendiente', 'https://www.hackthebox.com/machines/shocker', NULL, 'Escalada de privilegios Linux, Hash cracking, IDOR y mass assignment, Parameter tampering, Post-exploitation básico, Price manipulation', NULL),
  (38, 'Spectra', 'Fundamentals', 'Easy', 'Pendiente', 'https://www.hackthebox.com/machines/spectra', NULL, 'Escalada de privilegios Linux, Hash cracking, IDOR y mass assignment, Parameter tampering, Post-exploitation básico, Price manipulation', NULL),
  (39, 'Toolbox', 'Fundamentals', 'Easy', 'Pendiente', 'https://www.hackthebox.com/machines/toolbox', NULL, 'Escalada de privilegios Linux, Hash cracking, IDOR y mass assignment, Parameter tampering, Post-exploitation básico, Price manipulation', NULL),
  (40, 'Validation', 'Fundamentals', 'Easy', 'Pendiente', 'https://www.hackthebox.com/machines/validation', NULL, 'Escalada de privilegios Linux, Hash cracking, IDOR y mass assignment, Parameter tampering, Post-exploitation básico, Price manipulation', NULL),
  (41, 'Apocalyst', 'Intermediate', NULL, 'Pendiente', 'https://www.hackthebox.com/machines/apocalyst', NULL, 'ARP spoofing, Jinja2/Twig exploitation, Network pivoting, SSTI y template engines, Template sandbox escape, VLAN hopping', NULL),
  (42, 'Bolt', 'Intermediate', NULL, 'Pendiente', 'https://www.hackthebox.com/machines/bolt', NULL, 'ARP spoofing, Deserialization web, Java deserialization, Network pivoting, PHP object injection, VLAN hopping', NULL),
  (43, 'Chaos', 'Intermediate', NULL, 'Pendiente', 'https://www.hackthebox.com/machines/chaos', NULL, 'ARP spoofing, Network pivoting, Real-time attack vectors, Socket.io exploitation, Sockets security, VLAN hopping, Web', NULL),
  (44, 'Devzat', 'Intermediate', NULL, 'Pendiente', 'https://www.hackthebox.com/machines/devzat', NULL, 'ARP spoofing, Algorithm confusion, JWT attacks, Network pivoting, Token forgery, VLAN hopping', NULL),
  (45, 'Flustered', 'Intermediate', 'Hard', 'Pendiente', 'https://www.hackthebox.com/machines/flustered', NULL, 'AD enumeration, ARP spoofing, Active Directory pentesting, Algorithm confusion, Binary exploitation, Credential harvesting, Format string vulnerabilities, JWT attacks, Network pivoting, ROP chains, Token forgery, VLAN hopping', NULL),
  (46, 'Hawk', 'Intermediate', NULL, 'Pendiente', 'https://www.hackthebox.com/machines/hawk', NULL, 'Algorithm confusion, Command injection, File inclusion, JWT attacks, Token forgery, Web attacks avanzados', NULL),
  (47, 'Instant', 'Intermediate', NULL, 'Pendiente', 'https://www.hackthebox.com/machines/instant', NULL, 'Command injection, File inclusion, Web attacks avanzados', NULL),
  (48, 'Jeeves', 'Intermediate', NULL, 'Pendiente', 'https://www.hackthebox.com/machines/jeeves', NULL, 'Algorithm confusion, Command injection, Custom payloads, Evasión de AVCode obfuscation, Evil twin attacks, File inclusion, JWT attacks, Token forgery, WPA2 enterprise attacks, Web attacks avanzados, Wireless pentesting', NULL),
  (49, 'Poison', 'Intermediate', NULL, 'Pendiente', 'https://www.hackthebox.com/machines/poison', NULL, 'Algorithm confusion, Command injection, File inclusion, JWT attacks, Token forgery, Web attacks avanzados', NULL),
  (50, 'Popcorn', 'Intermediate', NULL, 'Pendiente', 'https://www.hackthebox.com/machines/popcorn', NULL, 'Algorithm confusion, Command injection, File inclusion, JWT attacks, Token forgery, Web attacks avanzados', NULL),
  (51, 'SolidState', 'Intermediate', NULL, 'Pendiente', 'https://www.hackthebox.com/machines/solid-state', NULL, 'Brute forcing, Dictionary attacks, Password attacks', NULL),
  (52, 'Stratosphere', 'Intermediate', NULL, 'Pendiente', 'https://www.hackthebox.com/machines/stratosphere', NULL, 'Algorithm confusion, Brute forcing, Dictionary attacks, JWT attacks, Password attacks, Token forgery', NULL),
  (53, 'Tenten', 'Intermediate', NULL, 'Pendiente', 'https://www.hackthebox.com/machines/tenten', NULL, 'Algorithm confusion, Brute forcing, Dictionary attacks, JWT attacks, Password attacks, Token forgery', NULL),
  (54, 'Union', 'Intermediate', NULL, 'Pendiente', 'https://www.hackthebox.com/machines/union', NULL, 'Algorithm confusion, Brute forcing, Dictionary attacks, JWT attacks, Password attacks, Token forgery', NULL),
  (55, 'Waldo', 'Intermediate', NULL, 'Pendiente', 'https://www.hackthebox.com/machines/waldo', NULL, 'Algorithm confusion, Brute forcing, Custom payloads, Dictionary attacks, Evasión de AVCode obfuscation, JWT attacks, Password attacks, Token forgery', NULL),
  (56, 'Active', 'Fundamentals', 'Medium', 'Completada', 'https://www.hackthebox.com/machines/active', NULL, 'Enumeración básica con Nmap, Exploits públicos conocidos, Metodología de pentesting profesional, Report writing, Scoping y planning, Windows privilege escalation', NULL),
  (57, 'Buff', 'Fundamentals', 'Medium', 'Pendiente', 'https://www.hackthebox.com/machines/buff', NULL, 'File upload attacks, Linux privilege escalation, Metodología de pentesting profesional, Report writing, Scoping y planning, Servicios vulnerables', NULL),
  (58, 'Forest', 'Fundamentals', 'Medium', 'Pendiente', 'https://www.hackthebox.com/machines/forest', NULL, 'Kernel exploits, Metodología de pentesting profesional, Report writing, SMB enumeration, Scoping y planning, Web fuzzing básico', NULL),
  (59, 'OpenSource', 'Fundamentals', 'Easy', 'Pendiente', 'https://www.hackthebox.com/machines/opensource', NULL, 'Buffer overflow básico, IDOR y mass assignment, Local File Inclusion, Metodología de pentesting profesional, Parameter tampering, Price manipulation, Report writing, SQL injection, Scoping y planning', NULL),
  (60, 'Sauna', 'Fundamentals', 'Easy', 'Pendiente', 'https://www.hackthebox.com/machines/sauna', NULL, 'Buffer overflow básico, Local File Inclusion, Network mapping, Network reconnaissance avanzado, SQL injection, Service fingerprinting', NULL),
  (61, 'Support', 'Fundamentals', 'Medium', 'Pendiente', 'https://www.hackthebox.com/machines/support', NULL, 'Buffer overflow básico, Local File Inclusion, Network mapping, Network reconnaissance avanzado, SQL injection, Service fingerprinting', NULL),
  (62, 'TimeLapse', 'Fundamentals', 'Medium', 'Pendiente', 'https://www.hackthebox.com/machines/timelapse', NULL, 'Buffer overflow básico, Local File Inclusion, Network mapping, Network reconnaissance avanzado, SQL injection, Service fingerprinting', NULL),
  (63, 'Administrator', 'Intermediate', 'Hard', 'Pendiente', 'https://www.hackthebox.com/machines/administrator', NULL, 'Active Directory intermedio, Advanced network attacks, Blood, Credential dumping, Hound analysis, Network device exploitation, VLAN segmentation bypass', NULL),
  (64, 'BabyTwo', 'Intermediate', 'Hard', 'Pendiente', 'https://www.hackthebox.com/machines/babytwo', NULL, 'Active Directory intermedio, Advanced network attacks, Blood, Credential dumping, Hound analysis, Network device exploitation, VLAN segmentation bypass', NULL),
  (65, 'Cascade', 'Intermediate', 'Hard', 'Pendiente', 'https://www.hackthebox.com/machines/cascade', NULL, 'Advanced network attacks, Network device exploitation, SSRF, VLAN segmentation bypass, Web exploitation avanzado, XXE attacks', NULL),
  (66, 'Certified', 'Intermediate', 'Hard', 'Pendiente', 'https://www.hackthebox.com/machines/certified', NULL, 'Advanced network attacks, Chisel/SSH tunneling, Multi-hop attacks, Network device exploitation, Pivoting y port forwarding, VLAN segmentation bypass', NULL),
  (67, 'Enterprise', 'Intermediate', 'Hard', 'Pendiente', 'https://www.hackthebox.com/machines/enterprise', NULL, 'Advanced network attacks, Algorithm confusion, JWT attacks, Network device exploitation, Token forgery, VLAN segmentation bypass', NULL),
  (68, 'Hospital', 'Intermediate', 'Hard', 'Pendiente', 'https://www.hackthebox.com/machines/hospital', NULL, 'AD enumeration, Active Directory pentesting, Credential harvesting, Custom payloads, Evasión de AVCode obfuscation', NULL),
  (69, 'Inception', 'Intermediate', 'Hard', 'Pendiente', 'https://www.hackthebox.com/machines/inception', NULL, 'AD enumeration, Active Directory pentesting, Algorithm confusion, Credential harvesting, JWT attacks, Token forgery', NULL),
  (70, 'Intelligence', 'Intermediate', 'Hard', 'Pendiente', 'https://www.hackthebox.com/machines/intelligence', NULL, 'AD enumeration, Active Directory pentesting, Credential harvesting, Custom payloads, Evasión de AVCode obfuscation', NULL),
  (71, 'Jab', 'Intermediate', 'Hard', 'Pendiente', 'https://www.hackthebox.com/machines/jab', NULL, 'AD enumeration, Active Directory pentesting, Credential harvesting, Custom payloads, Evasión de AVCode obfuscation', NULL),
  (72, 'Manager', 'Intermediate', NULL, 'Pendiente', 'https://www.hackthebox.com/machines/manager', NULL, 'Custom payloads, Evasión de AVCode obfuscation, Evil twin attacks, WPA2 enterprise attacks, Wireless pentesting', NULL),
  (73, 'Mentor', 'Intermediate', NULL, 'Pendiente', 'https://www.hackthebox.com/machines/mentor', NULL, 'Algorithm confusion, Evil twin attacks, JWT attacks, Token forgery, WPA2 enterprise attacks, Wireless pentesting', NULL),
  (74, 'Monteverde', 'Intermediate', NULL, 'Pendiente', 'https://www.hackthebox.com/machines/monteverde', NULL, 'Custom payloads, Evasión de AVCode obfuscation, Evil twin attacks, WPA2 enterprise attacks, Wireless pentesting', NULL),
  (75, 'Outdated', 'Intermediate', NULL, 'Pendiente', 'https://www.hackthebox.com/machines/outdated', NULL, 'Custom payloads, Evasión de AVCode obfuscation, Evil twin attacks, WPA2 enterprise attacks, Wireless pentesting', NULL),
  (76, 'Puppy', 'Intermediate', NULL, 'Pendiente', 'https://www.hackthebox.com/machines/puppy', NULL, 'Asterisk exploitation, Custom payloads, Evasión de AVCode obfuscation, IP security testing, SIP attacks, Vo', NULL),
  (77, 'Querier', 'Intermediate', NULL, 'Pendiente', 'https://www.hackthebox.com/machines/querier', NULL, 'Asterisk exploitation, Custom payloads, Evasión de AVCode obfuscation, IP security testing, SIP attacks, Vo', NULL),
  (78, 'Resolute', 'Intermediate', NULL, 'Pendiente', 'https://www.hackthebox.com/machines/resolute', NULL, 'Asterisk exploitation, Custom payloads, Evasión de AVCode obfuscation, IP security testing, SIP attacks, Vo', NULL),
  (79, 'Scrambled', 'Intermediate', NULL, 'Pendiente', 'https://www.hackthebox.com/machines/scrambled', NULL, 'Asterisk exploitation, Custom payloads, Evasión de AVCode obfuscation, IP security testing, SIP attacks, Vo', NULL),
  (80, 'StreamIO', 'Intermediate', NULL, 'Pendiente', 'https://www.hackthebox.com/machines/stream-io', NULL, 'Algorithm confusion, Asterisk exploitation, Custom payloads, Evasión de AVCode obfuscation, IP security testing, JWT attacks, SIP attacks, Token forgery, Vo', NULL),
  (81, 'Trickster', 'Intermediate', NULL, 'Pendiente', 'https://www.hackthebox.com/machines/trickster', NULL, 'Algorithm confusion, Embedded systems, Firmware analysis, Io, JWT attacks, T device testing, Token forgery', NULL),
  (82, 'Acute', 'Advanced', NULL, 'Pendiente', 'https://www.hackthebox.com/machines/acute', NULL, 'Active Directory avanzado, Advanced pivoting scenarios, Complex network topologies, Delegation attacks, Multi-network traversal, Trust relationships', NULL),
  (83, 'Analysis', 'Advanced', NULL, 'Pendiente', 'https://www.hackthebox.com/machines/analysis', NULL, 'Active Directory avanzado, Advanced XXEOut-of-band XXEXXE filter bypass, Advanced pivoting scenarios, Complex network topologies, Delegation attacks, Multi-network traversal, Trust relationships', NULL),
  (84, 'Axlle', 'Advanced', NULL, 'Pendiente', 'https://www.hackthebox.com/machines/axlle', NULL, 'Active Directory avanzado, Advanced pivoting scenarios, Complex network topologies, Delegation attacks, Multi-network traversal, Trust relationships', NULL),
  (85, 'Blackfield', 'Advanced', NULL, 'Pendiente', 'https://www.hackthebox.com/machines/blackfield', NULL, 'Advanced pivoting scenarios, Bypass protections, Complex network topologies, Custom shellcode, Exploit development, Multi-network traversal', NULL),
  (86, 'Blazorized', 'Advanced', NULL, 'Pendiente', 'https://www.hackthebox.com/machines/blazorized', NULL, 'Bypass protections, Custom shellcode, Detection evasion, Exploit development, Full engagement simulation, Red team scenarios', NULL),
  (87, 'Carpediem', 'Advanced', NULL, 'Pendiente', 'https://www.hackthebox.com/machines/carpediem', NULL, 'Business logic flaws, Bypass protections, Custom shellcode, Detection evasion, Exploit development, Full engagement simulation, Payment bypass, Race conditions web, Red team scenarios', NULL),
  (88, 'EarlyAccess', 'Advanced', NULL, 'Pendiente', 'https://www.hackthebox.com/machines/early-access', NULL, 'Batching attacks, CVE hunting, Detection evasion, Full engagement simulation, Graph, Introspection abuse, QL advanced, Red team scenarios, Vulnerability discovery, Zero-day research', NULL),
  (89, 'Feline', 'Advanced', NULL, 'Pendiente', 'https://www.hackthebox.com/machines/feline', NULL, 'Cache poisoning, Detection evasion, Full engagement simulation, HTTP smuggling, Red team scenarios, Request splitting', NULL),
  (90, 'Freelancer', 'Advanced', NULL, 'Pendiente', 'https://www.hackthebox.com/machines/freelancer', NULL, 'Advanced reporting, CVE hunting, Cache poisoning, Executive summaries, HTTP smuggling, Remediation guidance, Request splitting, Vulnerability discovery, Zero-day research', NULL),
  (91, 'Kotarak', 'Advanced', NULL, 'Pendiente', 'https://www.hackthebox.com/machines/kotarak', NULL, 'Advanced reporting, Cache poisoning, Executive summaries, HTTP smuggling, Remediation guidance, Request splitting', NULL),
  (92, 'Mantis', 'Advanced', NULL, 'Pendiente', 'https://www.hackthebox.com/machines/mantis', NULL, 'Advanced reporting, CVE hunting, Executive summaries, Remediation guidance, Vulnerability discovery, Zero-day research', NULL),
  (93, 'Monitors', 'Advanced', NULL, 'Pendiente', 'https://www.hackthebox.com/machines/monitors', NULL, 'Advanced reporting, CVE hunting, Cache poisoning, Executive summaries, HTTP smuggling, Remediation guidance, Request splitting, Vulnerability discovery, Zero-day research', NULL),
  (94, 'Object', 'Advanced', NULL, 'Pendiente', 'https://www.hackthebox.com/machines/object', NULL, 'Advanced reporting, CVE hunting, Executive summaries, Remediation guidance, Vulnerability discovery, Zero-day research', NULL),
  (95, 'Office', 'Advanced', NULL, 'Pendiente', 'https://www.hackthebox.com/machines/office', NULL, 'Advanced reporting, CVE hunting, Executive summaries, Remediation guidance, Vulnerability discovery, Zero-day research', NULL),
  (96, 'Oouch', 'Advanced', NULL, 'Pendiente', 'https://www.hackthebox.com/machines/oouch', NULL, 'Advanced reporting, Cache poisoning, Executive summaries, HTTP smuggling, Remediation guidance, Request splitting', NULL),
  (97, 'Oz', 'Advanced', NULL, 'Pendiente', 'https://www.hackthebox.com/machines/oz', NULL, 'Advanced reporting, Cache poisoning, Executive summaries, HTTP smuggling, Remediation guidance, Request splitting', NULL),
  (98, 'Reel', 'Advanced', NULL, 'Pendiente', 'https://www.hackthebox.com/machines/reel', NULL, 'Advanced reporting, CVE hunting, Executive summaries, Remediation guidance, Vulnerability discovery, Zero-day research', NULL),
  (99, 'Reel2', 'Advanced', NULL, 'Pendiente', 'https://www.hackthebox.com/machines/reel2', NULL, 'Advanced reporting, CVE hunting, Executive summaries, Remediation guidance, Vulnerability discovery, Zero-day research', NULL),
  (100, 'Search', 'Advanced', NULL, 'Pendiente', 'https://www.hackthebox.com/machines/search', NULL, 'Advanced reporting, CVE hunting, Executive summaries, Remediation guidance, Vulnerability discovery, Zero-day research', NULL),
  (101, 'Static', 'Advanced', NULL, 'Pendiente', 'https://www.hackthebox.com/machines/static', NULL, 'Advanced reporting, CVE hunting, Cache poisoning, Executive summaries, HTTP smuggling, Remediation guidance, Request splitting, Vulnerability discovery, Zero-day research', NULL),
  (102, 'Talkative', 'Advanced', NULL, 'Pendiente', 'https://www.hackthebox.com/machines/talkative', NULL, 'Advanced reporting, Cache poisoning, Executive summaries, HTTP smuggling, Remediation guidance, Request splitting', NULL),
  (103, 'Tentacle', 'Advanced', NULL, 'Pendiente', 'https://www.hackthebox.com/machines/tentacle', NULL, 'Advanced reporting, CVE hunting, Cache poisoning, Executive summaries, HTTP smuggling, Remediation guidance, Request splitting, Vulnerability discovery, Zero-day research', NULL),
  (104, 'Unbalanced', 'Advanced', NULL, 'Pendiente', 'https://www.hackthebox.com/machines/unbalanced', NULL, 'Advanced reporting, Cache poisoning, Executive summaries, HTTP smuggling, Remediation guidance, Request splitting', NULL),
  (105, 'Unobtainium', 'Advanced', NULL, 'Pendiente', 'https://www.hackthebox.com/machines/unobtainium', NULL, 'Advanced reporting, Cache poisoning, Executive summaries, HTTP smuggling, Remediation guidance, Request splitting', NULL),
  (106, 'APT', 'Advanced', NULL, 'Pendiente', 'https://www.hackthebox.com/machines/apt', NULL, 'Advanced reporting, CVE hunting, Executive summaries, Remediation guidance, Vulnerability discovery, Zero-day research', NULL),
  (107, 'Ariekei', 'Advanced', NULL, 'Pendiente', 'https://www.hackthebox.com/machines/ariekei', NULL, 'Advanced reporting, Cache poisoning, Executive summaries, HTTP smuggling, Remediation guidance, Request splitting', NULL),
  (108, 'Fulcrum', 'Advanced', NULL, 'Pendiente', 'https://www.hackthebox.com/machines/fulcrum', NULL, 'Advanced reporting, CVE hunting, Cache poisoning, Executive summaries, HTTP smuggling, Remediation guidance, Request splitting, Vulnerability discovery, Zero-day research', NULL),
  (109, 'Mischief', 'Advanced', NULL, 'Pendiente', 'https://www.hackthebox.com/machines/mischief', NULL, 'Advanced reporting, CVE hunting, Cache poisoning, Executive summaries, HTTP smuggling, Remediation guidance, Request splitting, Vulnerability discovery, Zero-day research', NULL),
  (110, 'MultiMaster', 'Advanced', NULL, 'Pendiente', 'https://www.hackthebox.com/machines/multi-master', NULL, 'Advanced reporting, CVE hunting, Cache poisoning, Executive summaries, HTTP smuggling, Remediation guidance, Request splitting, Vulnerability discovery, Zero-day research', NULL),
  (111, 'Reddish', 'Advanced', NULL, 'Pendiente', 'https://www.hackthebox.com/machines/reddish', NULL, 'Advanced reporting, Executive summaries, Remediation guidance', NULL),
  (112, 'Sizzle', 'Advanced', NULL, 'Pendiente', 'https://www.hackthebox.com/machines/sizzle', NULL, 'Advanced reporting, CVE hunting, Executive summaries, Remediation guidance, Vulnerability discovery, Zero-day research', NULL),
  (113, 'Toby', 'Advanced', NULL, 'Pendiente', 'https://www.hackthebox.com/machines/toby', NULL, 'Advanced reporting, Cache poisoning, Executive summaries, HTTP smuggling, Remediation guidance, Request splitting', NULL),
  (114, 'Admirer', 'Fundamentals', 'Easy', 'Pendiente', 'https://www.hackthebox.com/machines/admirer', NULL, 'Enumeración básica con Nmap, Exploits públicos conocidos, Metodología de pentesting web, OWASP Top 10Burp Suite basics, Windows privilege escalation', NULL),
  (115, 'Analytics', 'Fundamentals', 'Easy', 'Pendiente', 'https://www.hackthebox.com/machines/analytics', NULL, 'Metodología de pentesting web, OWASP Top 10Burp Suite basics', NULL),
  (116, 'Arctic', 'Fundamentals', 'Easy', 'Pendiente', 'https://www.hackthebox.com/machines/arctic', NULL, 'Enumeración básica con Nmap, Exploits públicos conocidos, Metodología de pentesting web, OWASP Top 10Burp Suite basics, Windows privilege escalation', NULL),
  (117, 'Backdoor', 'Fundamentals', 'Easy', 'Pendiente', 'https://www.hackthebox.com/machines/backdoor', NULL, 'Enumeración básica con Nmap, Exploits públicos conocidos, Metodología de pentesting web, OWASP Top 10Burp Suite basics, Windows privilege escalation', NULL),
  (118, 'Bank', 'Fundamentals', 'Medium', 'Pendiente', 'https://www.hackthebox.com/machines/bank', NULL, 'Blind SQLi, Inyección SQL avanzada, Time-based attacks', NULL),
  (119, 'Beep', 'Fundamentals', 'Medium', 'Pendiente', 'https://www.hackthebox.com/machines/beep', NULL, 'Blind SQLi, Inyección SQL avanzada, Time-based attacks', NULL),
  (120, 'Bizness', 'Fundamentals', 'Easy', 'Pendiente', 'https://www.hackthebox.com/machines/bizness', NULL, 'Blind SQLi, Inyección SQL avanzada, Time-based attacks', NULL),
  (121, 'Blunder', 'Fundamentals', 'Easy', 'Pendiente', 'https://www.hackthebox.com/machines/blunder', NULL, 'Blind SQLi, Inyección SQL avanzada, Time-based attacks', NULL),
  (122, 'Bounty', 'Fundamentals', 'Medium', 'Pendiente', 'https://www.hackthebox.com/machines/bounty', NULL, 'DOM XSSXSS filter bypass, File upload attacks, Linux privilege escalation, Servicios vulnerables, XSS avanzado', NULL),
  (123, 'BountyHunter', 'Fundamentals', 'Easy', 'Pendiente', 'https://www.hackthebox.com/machines/bountyhunter', NULL, 'DOM XSSXSS filter bypass, File upload attacks, Linux privilege escalation, Servicios vulnerables, XSS avanzado', NULL),
  (124, 'Broker', 'Fundamentals', 'Easy', 'Pendiente', 'https://www.hackthebox.com/machines/broker', NULL, 'DOM XSSXSS filter bypass, XSS avanzado', NULL),
  (125, 'Codify', 'Fundamentals', 'Easy', 'Pendiente', 'https://www.hackthebox.com/machines/codify', NULL, 'Authentication attacks, Broken auth, Session fixation', NULL),
  (126, 'Curling', 'Fundamentals', 'Easy', 'Pendiente', 'https://www.hackthebox.com/machines/curling', NULL, 'Authentication attacks, Broken auth, Session fixation', NULL),
  (127, 'Devvortex', 'Fundamentals', 'Easy', 'Pendiente', 'https://www.hackthebox.com/machines/devvortex', NULL, 'Authentication attacks, Broken auth, Session fixation', NULL),
  (128, 'Doctor', 'Fundamentals', 'Medium', 'Pendiente', 'https://www.hackthebox.com/machines/doctor', NULL, 'IDOR y mass assignment, Parameter tampering, Price manipulation', NULL),
  (129, 'Dog', 'Fundamentals', 'Easy', 'Pendiente', 'https://www.hackthebox.com/machines/dog', NULL, 'IDOR y mass assignment, Parameter tampering, Price manipulation', NULL),
  (130, 'Frolic', 'Fundamentals', 'Easy', 'Pendiente', 'https://www.hackthebox.com/machines/frolic', NULL, 'IDOR y mass assignment, Parameter tampering, Price manipulation', NULL),
  (131, 'GreenHorn', 'Fundamentals', 'Easy', 'Pendiente', 'https://www.hackthebox.com/machines/greenhorn', NULL, 'IDOR y mass assignment, Parameter tampering, Price manipulation', NULL),
  (132, 'Haystack', 'Fundamentals', 'Hard', 'Pendiente', 'https://www.hackthebox.com/machines/haystack', NULL, 'IDOR y mass assignment, Parameter tampering, Price manipulation', NULL),
  (133, 'Headless', 'Fundamentals', 'Medium', 'Pendiente', 'https://www.hackthebox.com/machines/headless', NULL, 'IDOR y mass assignment, Kernel exploits, Parameter tampering, Price manipulation, SMB enumeration, Web fuzzing básico', NULL),
  (134, 'Inject', 'Fundamentals', 'Easy', 'Pendiente', 'https://www.hackthebox.com/machines/inject', NULL, 'IDOR y mass assignment, Parameter tampering, Price manipulation', NULL),
  (135, 'Laboratory', 'Fundamentals', 'Easy', 'Pendiente', 'https://www.hackthebox.com/machines/laboratory', NULL, 'Active Directory básico, IDOR y mass assignment, Kerberoasting, Parameter tampering, Password cracking, Price manipulation', NULL),
  (136, 'Late', 'Fundamentals', 'Medium', 'Pendiente', 'https://www.hackthebox.com/machines/late', NULL, 'Active Directory básico, IDOR y mass assignment, Kerberoasting, Parameter tampering, Password cracking, Price manipulation', NULL),
  (137, 'LinkVortex', 'Fundamentals', 'Medium', 'Pendiente', 'https://www.hackthebox.com/machines/linkvortex', NULL, 'IDOR y mass assignment, Parameter tampering, Price manipulation', NULL),
  (138, 'Luanne', 'Fundamentals', NULL, 'Pendiente', 'https://www.hackthebox.com/machines/luanne', NULL, 'IDOR y mass assignment, Parameter tampering, Price manipulation', NULL),
  (139, 'Mailing', 'Fundamentals', 'Easy', 'Pendiente', 'https://www.hackthebox.com/machines/mailing', NULL, 'Active Directory básico, IDOR y mass assignment, Kerberoasting, Parameter tampering, Password cracking, Price manipulation', NULL),
  (140, 'MetaTwo', 'Fundamentals', NULL, 'Pendiente', 'https://www.hackthebox.com/machines/meta-two', NULL, 'IDOR y mass assignment, Parameter tampering, Price manipulation', NULL),
  (141, 'MonitorsTwo', 'Fundamentals', NULL, 'Pendiente', 'https://www.hackthebox.com/machines/monitors-two', NULL, 'IDOR y mass assignment, Parameter tampering, Price manipulation', NULL),
  (142, 'Nocturnal', 'Fundamentals', NULL, 'Pendiente', 'https://www.hackthebox.com/machines/nocturnal', NULL, 'IDOR y mass assignment, Parameter tampering, Price manipulation', NULL),
  (143, 'Optimum', 'Fundamentals', 'Easy', 'Pendiente', 'https://www.hackthebox.com/machines/optimum', NULL, 'Buffer overflow básico, IDOR y mass assignment, Local File Inclusion, Parameter tampering, Price manipulation, SQL injection', NULL),
  (144, 'PC', 'Fundamentals', NULL, 'Pendiente', 'https://www.hackthebox.com/machines/pc', NULL, 'IDOR y mass assignment, Parameter tampering, Price manipulation', NULL),
  (145, 'Pandora', 'Fundamentals', 'Medium', 'Pendiente', 'https://www.hackthebox.com/machines/pandora', NULL, 'Buffer overflow básico, IDOR y mass assignment, Local File Inclusion, Parameter tampering, Price manipulation, SQL injection', NULL),
  (146, 'Paper', 'Fundamentals', NULL, 'Pendiente', 'https://www.hackthebox.com/machines/paper', NULL, 'IDOR y mass assignment, Parameter tampering, Price manipulation', NULL),
  (147, 'Perfection', 'Fundamentals', NULL, 'Pendiente', 'https://www.hackthebox.com/machines/perfection', NULL, 'IDOR y mass assignment, Parameter tampering, Price manipulation', NULL),
  (148, 'Photobomb', 'Fundamentals', 'Easy', 'Pendiente', 'https://www.hackthebox.com/machines/photobomb', NULL, 'Buffer overflow básico, IDOR y mass assignment, Local File Inclusion, Parameter tampering, Price manipulation, SQL injection', NULL),
  (149, 'Postman', 'Fundamentals', NULL, 'Pendiente', 'https://www.hackthebox.com/machines/postman', NULL, 'IDOR y mass assignment, Parameter tampering, Price manipulation', NULL),
  (150, 'Precious', 'Fundamentals', NULL, 'Pendiente', 'https://www.hackthebox.com/machines/precious', NULL, 'IDOR y mass assignment, Parameter tampering, Price manipulation', NULL),
  (151, 'RedPanda', 'Fundamentals', 'Medium', 'Pendiente', 'https://www.hackthebox.com/machines/redpanda', NULL, 'Buffer overflow básico, IDOR y mass assignment, Local File Inclusion, Parameter tampering, Price manipulation, SQL injection', NULL),
  (152, 'Remote', 'Fundamentals', NULL, 'Pendiente', 'https://www.hackthebox.com/machines/remote', NULL, 'IDOR y mass assignment, Parameter tampering, Price manipulation', NULL),
  (153, 'RouterSpace', 'Fundamentals', NULL, 'Pendiente', 'https://www.hackthebox.com/machines/router-space', NULL, 'IDOR y mass assignment, Parameter tampering, Price manipulation', NULL),
  (154, 'Sau', 'Fundamentals', NULL, 'Pendiente', 'https://www.hackthebox.com/machines/sau', NULL, 'IDOR y mass assignment, Parameter tampering, Price manipulation', NULL),
  (155, 'Sea', 'Fundamentals', NULL, 'Pendiente', 'https://www.hackthebox.com/machines/sea', NULL, 'IDOR y mass assignment, Parameter tampering, Price manipulation', NULL),
  (156, 'Secret', 'Fundamentals', NULL, 'Pendiente', 'https://www.hackthebox.com/machines/secret', NULL, 'IDOR y mass assignment, Parameter tampering, Price manipulation', NULL),
  (157, 'Sense', 'Fundamentals', NULL, 'Pendiente', 'https://www.hackthebox.com/machines/sense', NULL, 'IDOR y mass assignment, Parameter tampering, Price manipulation', NULL),
  (158, 'Servmon', 'Fundamentals', 'Medium', 'Pendiente', 'https://www.hackthebox.com/machines/servmon', NULL, 'Buffer overflow básico, IDOR y mass assignment, Local File Inclusion, Parameter tampering, Price manipulation, SQL injection', NULL),
  (159, 'Shoppy', 'Fundamentals', 'Medium', 'Pendiente', 'https://www.hackthebox.com/machines/shoppy', NULL, 'Buffer overflow básico, IDOR y mass assignment, Local File Inclusion, Parameter tampering, Price manipulation, SQL injection', NULL),
  (160, 'Sightless', 'Fundamentals', NULL, 'Pendiente', 'https://www.hackthebox.com/machines/sightless', NULL, 'IDOR y mass assignment, Parameter tampering, Price manipulation', NULL),
  (161, 'Soccer', 'Fundamentals', NULL, 'Pendiente', 'https://www.hackthebox.com/machines/soccer', NULL, 'IDOR y mass assignment, Parameter tampering, Price manipulation', NULL),
  (162, 'Stocker', 'Fundamentals', NULL, 'Pendiente', 'https://www.hackthebox.com/machines/stocker', NULL, 'IDOR y mass assignment, Parameter tampering, Price manipulation', NULL),
  (163, 'SwagShop', 'Fundamentals', 'Easy', 'Pendiente', 'https://www.hackthebox.com/machines/swagshop', NULL, 'Buffer overflow básico, IDOR y mass assignment, Local File Inclusion, Parameter tampering, Price manipulation, SQL injection', NULL),
  (164, 'Tabby', 'Fundamentals', NULL, 'Pendiente', 'https://www.hackthebox.com/machines/tabby', NULL, 'IDOR y mass assignment, Parameter tampering, Price manipulation', NULL),
  (165, 'Teacher', 'Fundamentals', 'Medium', 'Pendiente', 'https://www.hackthebox.com/machines/teacher', NULL, 'Buffer overflow básico, IDOR y mass assignment, Local File Inclusion, Parameter tampering, Price manipulation, SQL injection', NULL),
  (166, 'Topology', 'Fundamentals', NULL, 'Pendiente', 'https://www.hackthebox.com/machines/topology', NULL, 'IDOR y mass assignment, Parameter tampering, Price manipulation', NULL),
  (167, 'Traverxec', 'Fundamentals', NULL, 'Pendiente', 'https://www.hackthebox.com/machines/traverxec', NULL, 'IDOR y mass assignment, Parameter tampering, Price manipulation', NULL),
  (168, 'Trick', 'Fundamentals', 'Easy', 'Pendiente', 'https://www.hackthebox.com/machines/trick', NULL, 'Buffer overflow básico, IDOR y mass assignment, Local File Inclusion, Parameter tampering, Price manipulation, SQL injection', NULL),
  (169, 'TwoMillion', 'Fundamentals', NULL, 'Pendiente', 'https://www.hackthebox.com/machines/two-million', NULL, 'IDOR y mass assignment, Parameter tampering, Price manipulation', NULL),
  (170, 'Usage', 'Fundamentals', NULL, 'Pendiente', 'https://www.hackthebox.com/machines/usage', NULL, 'IDOR y mass assignment, Parameter tampering, Price manipulation', NULL),
  (171, 'Valentine', 'Fundamentals', NULL, 'Pendiente', 'https://www.hackthebox.com/machines/valentine', NULL, 'IDOR y mass assignment, Parameter tampering, Price manipulation', NULL),
  (172, 'Ambassador', 'Intermediate', NULL, 'Pendiente', 'https://www.hackthebox.com/machines/ambassador', NULL, 'Active Directory intermedio, Blood, Credential dumping, Hound analysis, Jinja2/Twig exploitation, SSTI y template engines, Template sandbox escape', NULL),
  (173, 'Aragog', 'Intermediate', NULL, 'Pendiente', 'https://www.hackthebox.com/machines/aragog', NULL, 'Jinja2/Twig exploitation, SSTI y template engines, Template sandbox escape', NULL),
  (174, 'Awkward', 'Intermediate', NULL, 'Pendiente', 'https://www.hackthebox.com/machines/awkward', NULL, 'Jinja2/Twig exploitation, SSTI y template engines, Template sandbox escape', NULL),
  (175, 'Backend', 'Intermediate', NULL, 'Pendiente', 'https://www.hackthebox.com/machines/backend', NULL, 'Active Directory intermedio, Blood, Credential dumping, Hound analysis, Jinja2/Twig exploitation, SSTI y template engines, Template sandbox escape', NULL),
  (176, 'BackendTwo', 'Intermediate', NULL, 'Pendiente', 'https://www.hackthebox.com/machines/backend-two', NULL, 'Deserialization web, Java deserialization, PHP object injection', NULL),
  (177, 'Bart', 'Intermediate', NULL, 'Pendiente', 'https://www.hackthebox.com/machines/bart', NULL, 'Deserialization web, Java deserialization, PHP object injection, SSRF, Web exploitation avanzado, XXE attacks', NULL),
  (178, 'Bastard', 'Intermediate', NULL, 'Pendiente', 'https://www.hackthebox.com/machines/bastard', NULL, 'Deserialization web, Java deserialization, PHP object injection, SSRF, Web exploitation avanzado, XXE attacks', NULL),
  (179, 'Blurry', 'Intermediate', NULL, 'Pendiente', 'https://www.hackthebox.com/machines/blurry', NULL, 'Deserialization web, Java deserialization, PHP object injection', NULL),
  (180, 'Book', 'Intermediate', NULL, 'Pendiente', 'https://www.hackthebox.com/machines/book', NULL, 'Cloud metadata abuse, Internal network access, SSRF, SSRF attacks, Web exploitation avanzado, XXE attacks', NULL),
  (181, 'BroScience', 'Intermediate', NULL, 'Pendiente', 'https://www.hackthebox.com/machines/bro-science', NULL, 'Cloud metadata abuse, Internal network access, SSRF attacks', NULL),
  (182, 'Builder', 'Intermediate', NULL, 'Pendiente', 'https://www.hackthebox.com/machines/builder', NULL, 'Cloud metadata abuse, Internal network access, SSRF attacks', NULL),
  (183, 'Cache', 'Intermediate', NULL, 'Pendiente', 'https://www.hackthebox.com/machines/cache', NULL, 'Cloud metadata abuse, Internal network access, SSRF attacks', NULL),
  (184, 'Cat', 'Intermediate', NULL, 'Pendiente', 'https://www.hackthebox.com/machines/cat', NULL, 'Cloud metadata abuse, Internal network access, SSRF attacks', NULL),
  (185, 'Catch', 'Intermediate', NULL, 'Pendiente', 'https://www.hackthebox.com/machines/catch', NULL, 'Real-time attack vectors, Socket.io exploitation, Sockets security, Web', NULL),
  (186, 'Celestial', 'Intermediate', NULL, 'Pendiente', 'https://www.hackthebox.com/machines/celestial', NULL, 'Real-time attack vectors, SSRF, Socket.io exploitation, Sockets security, Web, Web exploitation avanzado, XXE attacks', NULL),
  (187, 'Clicker', 'Intermediate', NULL, 'Pendiente', 'https://www.hackthebox.com/machines/clicker', NULL, 'Real-time attack vectors, Socket.io exploitation, Sockets security, Web', NULL),
  (188, 'Cronos', 'Intermediate', NULL, 'Pendiente', 'https://www.hackthebox.com/machines/cronos', NULL, 'Chisel/SSH tunneling, Multi-hop attacks, Pivoting y port forwarding, Real-time attack vectors, Socket.io exploitation, Sockets security, Web', NULL),
  (189, 'DevOops', 'Intermediate', NULL, 'Pendiente', 'https://www.hackthebox.com/machines/dev-oops', NULL, 'Algorithm confusion, JWT attacks, Token forgery', NULL),
  (190, 'Encoding', 'Intermediate', NULL, 'Pendiente', 'https://www.hackthebox.com/machines/encoding', NULL, 'Algorithm confusion, JWT attacks, Token forgery', NULL),
  (191, 'Epsilon', 'Intermediate', NULL, 'Pendiente', 'https://www.hackthebox.com/machines/epsilon', NULL, 'Algorithm confusion, Chisel/SSH tunneling, JWT attacks, Multi-hop attacks, Pivoting y port forwarding, Token forgery', NULL),
  (192, 'Europa', 'Intermediate', NULL, 'Pendiente', 'https://www.hackthebox.com/machines/europa', NULL, 'Algorithm confusion, Binary exploitation, Format string vulnerabilities, JWT attacks, ROP chains, Token forgery', NULL),
  (193, 'Faculty', 'Intermediate', NULL, 'Pendiente', 'https://www.hackthebox.com/machines/faculty', NULL, 'Algorithm confusion, Binary exploitation, Format string vulnerabilities, JWT attacks, ROP chains, Token forgery', NULL),
  (194, 'FluxCapacitor', 'Intermediate', NULL, 'Pendiente', 'https://www.hackthebox.com/machines/flux-capacitor', NULL, 'Algorithm confusion, JWT attacks, Token forgery', NULL),
  (195, 'Forge', 'Intermediate', NULL, 'Pendiente', 'https://www.hackthebox.com/machines/forge', NULL, 'Algorithm confusion, Binary exploitation, Format string vulnerabilities, JWT attacks, ROP chains, Token forgery', NULL),
  (196, 'Format', 'Intermediate', NULL, 'Pendiente', 'https://www.hackthebox.com/machines/format', NULL, 'Algorithm confusion, JWT attacks, Token forgery', NULL),
  (197, 'Giddy', 'Intermediate', NULL, 'Pendiente', 'https://www.hackthebox.com/machines/giddy', NULL, 'Algorithm confusion, Custom payloads, Evasión de AVCode obfuscation, JWT attacks, Token forgery', NULL),
  (198, 'Haircut', 'Intermediate', NULL, 'Pendiente', 'https://www.hackthebox.com/machines/haircut', NULL, 'Algorithm confusion, Custom payloads, Evasión de AVCode obfuscation, JWT attacks, Token forgery', NULL),
  (199, 'Health', 'Intermediate', NULL, 'Pendiente', 'https://www.hackthebox.com/machines/health', NULL, 'Algorithm confusion, Custom payloads, Evasión de AVCode obfuscation, JWT attacks, Token forgery', NULL),
  (200, 'IClean', 'Intermediate', NULL, 'Pendiente', 'https://www.hackthebox.com/machines/iclean', NULL, 'Algorithm confusion, JWT attacks, Token forgery', NULL),
  (201, 'Interface', 'Intermediate', NULL, 'Pendiente', 'https://www.hackthebox.com/machines/interface', NULL, 'Algorithm confusion, JWT attacks, Token forgery', NULL),
  (202, 'Jewel', 'Intermediate', NULL, 'Pendiente', 'https://www.hackthebox.com/machines/jewel', NULL, 'Algorithm confusion, Custom payloads, Evasión de AVCode obfuscation, JWT attacks, Token forgery', NULL),
  (203, 'Json', 'Intermediate', NULL, 'Pendiente', 'https://www.hackthebox.com/machines/json', NULL, 'Algorithm confusion, Custom payloads, Evasión de AVCode obfuscation, JWT attacks, Token forgery', NULL),
  (204, 'Jupiter', 'Intermediate', NULL, 'Pendiente', 'https://www.hackthebox.com/machines/jupiter', NULL, 'Algorithm confusion, JWT attacks, Token forgery', NULL),
  (205, 'Lazy', 'Intermediate', NULL, 'Pendiente', 'https://www.hackthebox.com/machines/lazy', NULL, 'Algorithm confusion, Custom payloads, Evasión de AVCode obfuscation, JWT attacks, Token forgery', NULL),
  (206, 'Luke', 'Intermediate', NULL, 'Pendiente', 'https://www.hackthebox.com/machines/luke', NULL, 'Algorithm confusion, JWT attacks, Token forgery', NULL),
  (207, 'Mango', 'Intermediate', NULL, 'Pendiente', 'https://www.hackthebox.com/machines/mango', NULL, 'Algorithm confusion, JWT attacks, Token forgery', NULL),
  (208, 'Meta', 'Intermediate', NULL, 'Pendiente', 'https://www.hackthebox.com/machines/meta', NULL, 'Algorithm confusion, Custom payloads, Evasión de AVCode obfuscation, JWT attacks, Token forgery', NULL),
  (209, 'Monitored', 'Intermediate', NULL, 'Pendiente', 'https://www.hackthebox.com/machines/monitored', NULL, 'Algorithm confusion, JWT attacks, Token forgery', NULL),
  (210, 'MonitorsThree', 'Intermediate', NULL, 'Pendiente', 'https://www.hackthebox.com/machines/monitors-three', NULL, 'Algorithm confusion, JWT attacks, Token forgery', NULL),
  (211, 'Nineveh', 'Intermediate', NULL, 'Pendiente', 'https://www.hackthebox.com/machines/nineveh', NULL, 'Algorithm confusion, Custom payloads, Evasión de AVCode obfuscation, JWT attacks, Token forgery', NULL),
  (212, 'Noter', 'Intermediate', NULL, 'Pendiente', 'https://www.hackthebox.com/machines/noter', NULL, 'Algorithm confusion, Custom payloads, Evasión de AVCode obfuscation, JWT attacks, Token forgery', NULL),
  (213, 'Obscurity', 'Intermediate', NULL, 'Pendiente', 'https://www.hackthebox.com/machines/obscurity', NULL, 'Algorithm confusion, JWT attacks, Token forgery', NULL),
  (214, 'Olympus', 'Intermediate', NULL, 'Pendiente', 'https://www.hackthebox.com/machines/olympus', NULL, 'Algorithm confusion, JWT attacks, Token forgery', NULL),
  (215, 'OnlyForYou', 'Intermediate', NULL, 'Pendiente', 'https://www.hackthebox.com/machines/only-for-you', NULL, 'Algorithm confusion, JWT attacks, Token forgery', NULL),
  (216, 'Passage', 'Intermediate', NULL, 'Pendiente', 'https://www.hackthebox.com/machines/passage', NULL, 'Algorithm confusion, JWT attacks, Token forgery', NULL),
  (217, 'Pit', 'Intermediate', NULL, 'Pendiente', 'https://www.hackthebox.com/machines/pit', NULL, 'Algorithm confusion, Custom payloads, Evasión de AVCode obfuscation, JWT attacks, Token forgery', NULL),
  (218, 'Pov', 'Intermediate', NULL, 'Pendiente', 'https://www.hackthebox.com/machines/pov', NULL, 'Algorithm confusion, Custom payloads, Evasión de AVCode obfuscation, JWT attacks, Token forgery', NULL),
  (219, 'Ransom', 'Intermediate', NULL, 'Pendiente', 'https://www.hackthebox.com/machines/ransom', NULL, 'Algorithm confusion, JWT attacks, Token forgery', NULL),
  (220, 'RedCross', 'Intermediate', NULL, 'Pendiente', 'https://www.hackthebox.com/machines/red-cross', NULL, 'Algorithm confusion, JWT attacks, Token forgery', NULL),
  (221, 'Runner', 'Intermediate', NULL, 'Pendiente', 'https://www.hackthebox.com/machines/runner', NULL, 'Algorithm confusion, Custom payloads, Evasión de AVCode obfuscation, JWT attacks, Token forgery', NULL),
  (222, 'Schooled', 'Intermediate', NULL, 'Pendiente', 'https://www.hackthebox.com/machines/schooled', NULL, 'Algorithm confusion, JWT attacks, Token forgery', NULL),
  (223, 'Seal', 'Intermediate', NULL, 'Pendiente', 'https://www.hackthebox.com/machines/seal', NULL, 'Algorithm confusion, JWT attacks, Token forgery', NULL),
  (224, 'SecNotes', 'Intermediate', NULL, 'Pendiente', 'https://www.hackthebox.com/machines/sec-notes', NULL, 'Algorithm confusion, Custom payloads, Evasión de AVCode obfuscation, JWT attacks, Token forgery', NULL),
  (225, 'Shared', 'Intermediate', NULL, 'Pendiente', 'https://www.hackthebox.com/machines/shared', NULL, 'Algorithm confusion, Custom payloads, Evasión de AVCode obfuscation, JWT attacks, Token forgery', NULL),
  (226, 'Shibboleth', 'Intermediate', NULL, 'Pendiente', 'https://www.hackthebox.com/machines/shibboleth', NULL, 'Algorithm confusion, Custom payloads, Evasión de AVCode obfuscation, JWT attacks, Token forgery', NULL),
  (227, 'Sniper', 'Intermediate', NULL, 'Pendiente', 'https://www.hackthebox.com/machines/sniper', NULL, 'Algorithm confusion, Custom payloads, Evasión de AVCode obfuscation, JWT attacks, Token forgery', NULL),
  (228, 'Strutted', 'Intermediate', NULL, 'Pendiente', 'https://www.hackthebox.com/machines/strutted', NULL, 'Algorithm confusion, JWT attacks, Token forgery', NULL),
  (229, 'Surveillance', 'Intermediate', NULL, 'Pendiente', 'https://www.hackthebox.com/machines/surveillance', NULL, 'Algorithm confusion, JWT attacks, Token forgery', NULL),
  (230, 'TartarSauce', 'Intermediate', NULL, 'Pendiente', 'https://www.hackthebox.com/machines/tartar-sauce', NULL, 'Algorithm confusion, Custom payloads, Evasión de AVCode obfuscation, JWT attacks, Token forgery', NULL),
  (231, 'Tenet', 'Intermediate', NULL, 'Pendiente', 'https://www.hackthebox.com/machines/tenet', NULL, 'Algorithm confusion, JWT attacks, Token forgery', NULL),
  (232, 'TheNotebook', 'Intermediate', NULL, 'Pendiente', 'https://www.hackthebox.com/machines/the-notebook', NULL, 'Algorithm confusion, JWT attacks, Token forgery', NULL),
  (233, 'Time', 'Intermediate', NULL, 'Pendiente', 'https://www.hackthebox.com/machines/time', NULL, 'Algorithm confusion, Custom payloads, Evasión de AVCode obfuscation, JWT attacks, Token forgery', NULL),
  (234, 'Timing', 'Intermediate', NULL, 'Pendiente', 'https://www.hackthebox.com/machines/timing', NULL, 'Algorithm confusion, JWT attacks, Token forgery', NULL),
  (235, 'Undetected', 'Intermediate', NULL, 'Pendiente', 'https://www.hackthebox.com/machines/undetected', NULL, 'Algorithm confusion, JWT attacks, Token forgery', NULL),
  (236, 'Unicode', 'Intermediate', NULL, 'Pendiente', 'https://www.hackthebox.com/machines/unicode', NULL, 'Algorithm confusion, JWT attacks, Token forgery', NULL),
  (237, 'UpDown', 'Intermediate', NULL, 'Pendiente', 'https://www.hackthebox.com/machines/up-down', NULL, 'Algorithm confusion, Custom payloads, Evasión de AVCode obfuscation, JWT attacks, Token forgery', NULL),
  (238, 'Wall', 'Intermediate', NULL, 'Pendiente', 'https://www.hackthebox.com/machines/wall', NULL, 'Algorithm confusion, JWT attacks, Token forgery', NULL),
  (239, 'Worker', 'Intermediate', NULL, 'Pendiente', 'https://www.hackthebox.com/machines/worker', NULL, 'Algorithm confusion, Custom payloads, Evasión de AVCode obfuscation, JWT attacks, Token forgery', NULL),
  (240, 'Writer', 'Intermediate', NULL, 'Pendiente', 'https://www.hackthebox.com/machines/writer', NULL, 'Algorithm confusion, Custom payloads, Evasión de AVCode obfuscation, JWT attacks, Token forgery', NULL),
  (241, 'Zipping', 'Intermediate', NULL, 'Pendiente', 'https://www.hackthebox.com/machines/zipping', NULL, 'Algorithm confusion, Custom payloads, Evasión de AVCode obfuscation, JWT attacks, Token forgery', NULL),
  (242, 'AdmirerToo', 'Advanced', NULL, 'Pendiente', 'https://www.hackthebox.com/machines/admirer-too', NULL, 'Advanced XXEOut-of-band XXEXXE filter bypass', NULL),
  (243, 'Altered', 'Advanced', NULL, 'Pendiente', 'https://www.hackthebox.com/machines/altered', NULL, 'Active Directory avanzado, Advanced XXEOut-of-band XXEXXE filter bypass, Delegation attacks, Trust relationships', NULL),
  (244, 'Breadcrumbs', 'Advanced', NULL, 'Pendiente', 'https://www.hackthebox.com/machines/breadcrumbs', NULL, 'Advanced XXEOut-of-band XXEXXE filter bypass, Bypass protections, Custom shellcode, Exploit development', NULL),
  (245, 'Charon', 'Advanced', NULL, 'Pendiente', 'https://www.hackthebox.com/machines/charon', NULL, 'Advanced pivoting, Business logic flaws, Múltiples vectores combinados, Payment bypass, Race conditions web, Red teaming techniques', NULL),
  (246, 'Conceal', 'Advanced', NULL, 'Pendiente', 'https://www.hackthebox.com/machines/conceal', NULL, 'Advanced pivoting, Business logic flaws, Múltiples vectores combinados, Payment bypass, Race conditions web, Red teaming techniques', NULL),
  (247, 'Control', 'Advanced', NULL, 'Pendiente', 'https://www.hackthebox.com/machines/control', NULL, 'Advanced pivoting, Business logic flaws, Múltiples vectores combinados, Payment bypass, Race conditions web, Red teaming techniques', NULL),
  (248, 'CrimeStoppers', 'Advanced', NULL, 'Pendiente', 'https://www.hackthebox.com/machines/crime-stoppers', NULL, 'Batching attacks, Graph, Introspection abuse, QL advanced', NULL),
  (249, 'Dab', 'Advanced', NULL, 'Pendiente', 'https://www.hackthebox.com/machines/dab', NULL, 'Advanced pivoting, Batching attacks, Graph, Introspection abuse, Múltiples vectores combinados, QL advanced, Red teaming techniques', NULL),
  (250, 'Drive', 'Advanced', NULL, 'Pendiente', 'https://www.hackthebox.com/machines/drive', NULL, 'Batching attacks, Graph, Introspection abuse, QL advanced', NULL),
  (251, 'Falafel', 'Advanced', NULL, 'Pendiente', 'https://www.hackthebox.com/machines/falafel', NULL, 'Cache poisoning, HTTP smuggling, Request splitting', NULL),
  (252, 'Flujab', 'Advanced', NULL, 'Pendiente', 'https://www.hackthebox.com/machines/flujab', NULL, 'CVE hunting, Cache poisoning, HTTP smuggling, Request splitting, Vulnerability discovery, Zero-day research', NULL),
  (253, 'Hancliffe', 'Advanced', NULL, 'Pendiente', 'https://www.hackthebox.com/machines/hancliffe', NULL, 'Cache poisoning, HTTP smuggling, Request splitting', NULL),
  (254, 'Helpline', 'Advanced', NULL, 'Pendiente', 'https://www.hackthebox.com/machines/helpline', NULL, 'CVE hunting, Cache poisoning, HTTP smuggling, Request splitting, Vulnerability discovery, Zero-day research', NULL),
  (255, 'Holiday', 'Advanced', NULL, 'Pendiente', 'https://www.hackthebox.com/machines/holiday', NULL, 'Cache poisoning, HTTP smuggling, Request splitting', NULL),
  (256, 'Joker', 'Advanced', NULL, 'Pendiente', 'https://www.hackthebox.com/machines/joker', NULL, 'CVE hunting, Cache poisoning, HTTP smuggling, Request splitting, Vulnerability discovery, Zero-day research', NULL),
  (257, 'Moderators', 'Advanced', NULL, 'Pendiente', 'https://www.hackthebox.com/machines/moderators', NULL, 'Cache poisoning, HTTP smuggling, Request splitting', NULL),
  (258, 'Overflow', 'Advanced', NULL, 'Pendiente', 'https://www.hackthebox.com/machines/overflow', NULL, 'Cache poisoning, HTTP smuggling, Request splitting', NULL),
  (259, 'Overgraph', 'Advanced', NULL, 'Pendiente', 'https://www.hackthebox.com/machines/overgraph', NULL, 'Cache poisoning, HTTP smuggling, Request splitting', NULL),
  (260, 'Phoenix', 'Advanced', NULL, 'Pendiente', 'https://www.hackthebox.com/machines/phoenix', NULL, 'CVE hunting, Cache poisoning, HTTP smuggling, Request splitting, Vulnerability discovery, Zero-day research', NULL),
  (261, 'Player', 'Advanced', NULL, 'Pendiente', 'https://www.hackthebox.com/machines/player', NULL, 'Cache poisoning, HTTP smuggling, Request splitting', NULL),
  (262, 'Pressed', 'Advanced', NULL, 'Pendiente', 'https://www.hackthebox.com/machines/pressed', NULL, 'CVE hunting, Cache poisoning, HTTP smuggling, Request splitting, Vulnerability discovery, Zero-day research', NULL),
  (263, 'Quick', 'Advanced', NULL, 'Pendiente', 'https://www.hackthebox.com/machines/quick', NULL, 'Cache poisoning, HTTP smuggling, Request splitting', NULL),
  (264, 'Scavenger', 'Advanced', NULL, 'Pendiente', 'https://www.hackthebox.com/machines/scavenger', NULL, 'Cache poisoning, HTTP smuggling, Request splitting', NULL),
  (265, 'Travel', 'Advanced', NULL, 'Pendiente', 'https://www.hackthebox.com/machines/travel', NULL, 'Cache poisoning, HTTP smuggling, Request splitting', NULL),
  (266, 'Yummy', 'Advanced', NULL, 'Pendiente', 'https://www.hackthebox.com/machines/yummy', NULL, 'Cache poisoning, HTTP smuggling, Request splitting', NULL),
  (267, 'Anubis', 'Advanced', NULL, 'Pendiente', 'https://www.hackthebox.com/machines/anubis', NULL, 'Cache poisoning, HTTP smuggling, Request splitting', NULL),
  (268, 'Bankrobber', 'Advanced', NULL, 'Pendiente', 'https://www.hackthebox.com/machines/bankrobber', NULL, 'Cache poisoning, HTTP smuggling, Request splitting', NULL),
  (269, 'Bookworm', 'Advanced', NULL, 'Pendiente', 'https://www.hackthebox.com/machines/bookworm', NULL, 'CVE hunting, Cache poisoning, HTTP smuggling, Request splitting, Vulnerability discovery, Zero-day research', NULL),
  (270, 'Brainfuck', 'Advanced', NULL, 'Pendiente', 'https://www.hackthebox.com/machines/brainfuck', NULL, 'Cache poisoning, HTTP smuggling, Request splitting', NULL),
  (271, 'CTF', 'Advanced', NULL, 'Pendiente', 'https://www.hackthebox.com/machines/ctf', NULL, 'Cache poisoning, HTTP smuggling, Request splitting', NULL),
  (272, 'Fighter', 'Advanced', NULL, 'Pendiente', 'https://www.hackthebox.com/machines/fighter', NULL, 'CVE hunting, Cache poisoning, HTTP smuggling, Request splitting, Vulnerability discovery, Zero-day research', NULL),
  (273, 'Fortune', 'Advanced', NULL, 'Pendiente', 'https://www.hackthebox.com/machines/fortune', NULL, 'Cache poisoning, HTTP smuggling, Request splitting', NULL),
  (274, 'Hackback', 'Advanced', NULL, 'Pendiente', 'https://www.hackthebox.com/machines/hackback', NULL, 'Cache poisoning, HTTP smuggling, Request splitting', NULL),
  (275, 'MagicGardens', 'Advanced', NULL, 'Pendiente', 'https://www.hackthebox.com/machines/magic-gardens', NULL, 'Cache poisoning, HTTP smuggling, Request splitting', NULL),
  (276, 'Nightmare', 'Advanced', NULL, 'Pendiente', 'https://www.hackthebox.com/machines/nightmare', NULL, 'Cache poisoning, HTTP smuggling, Request splitting', NULL),
  (277, 'Sink', 'Advanced', NULL, 'Pendiente', 'https://www.hackthebox.com/machines/sink', NULL, 'Cache poisoning, HTTP smuggling, Request splitting', NULL),
  (278, 'Stacked', 'Advanced', NULL, 'Pendiente', 'https://www.hackthebox.com/machines/stacked', NULL, 'Cache poisoning, HTTP smuggling, Request splitting', NULL),
  (279, 'Blue', 'Fundamentals', 'Easy', 'Pendiente', 'https://www.hackthebox.com/machines/blue', NULL, 'Enumeración básica con Nmap, Exploits públicos conocidos, Windows privilege escalation', NULL),
  (280, 'Cicada', 'Fundamentals', 'Medium', 'Pendiente', 'https://www.hackthebox.com/machines/cicada', NULL, 'File upload attacks, Linux privilege escalation, Servicios vulnerables', NULL),
  (281, 'Heist', 'Fundamentals', 'Medium', 'Pendiente', 'https://www.hackthebox.com/machines/heist', NULL, 'Active Directory básico, Kerberoasting, Password cracking', NULL),
  (282, 'Squashed', 'Fundamentals', 'Medium', 'Pendiente', 'https://www.hackthebox.com/machines/squashed', NULL, 'Buffer overflow básico, Local File Inclusion, SQL injection', NULL),
  (283, 'Atom', 'Intermediate', NULL, 'Pendiente', 'https://www.hackthebox.com/machines/atom', NULL, 'Active Directory intermedio, Blood, Credential dumping, Hound analysis', NULL),
  (284, 'Chatterbox', 'Intermediate', NULL, 'Pendiente', 'https://www.hackthebox.com/machines/chatterbox', NULL, 'Chisel/SSH tunneling, Multi-hop attacks, Pivoting y port forwarding', NULL),
  (285, 'Compiled', 'Intermediate', NULL, 'Pendiente', 'https://www.hackthebox.com/machines/compiled', NULL, 'Chisel/SSH tunneling, Multi-hop attacks, Pivoting y port forwarding', NULL),
  (286, 'Fuse', 'Intermediate', NULL, 'Pendiente', 'https://www.hackthebox.com/machines/fuse', NULL, 'Binary exploitation, Format string vulnerabilities, ROP chains', NULL),
  (287, 'Silo', 'Intermediate', NULL, 'Pendiente', 'https://www.hackthebox.com/machines/silo', NULL, 'Custom payloads, Evasión de AVCode obfuscation', NULL),
  (288, 'SneakyMailer', 'Intermediate', NULL, 'Pendiente', 'https://www.hackthebox.com/machines/sneaky-mailer', NULL, 'Custom payloads, Evasión de AVCode obfuscation', NULL),
  (289, 'RE', 'Advanced', NULL, 'Pendiente', 'https://www.hackthebox.com/machines/re', NULL, 'CVE hunting, Vulnerability discovery, Zero-day research', NULL),
  (290, 'Tally', 'Advanced', NULL, 'Pendiente', 'https://www.hackthebox.com/machines/tally', NULL, 'CVE hunting, Vulnerability discovery, Zero-day research', NULL),
  (291, 'Zetta', 'Advanced', NULL, 'Pendiente', 'https://www.hackthebox.com/machines/zetta', NULL, 'CVE hunting, Vulnerability discovery, Zero-day research', NULL);

-- Maquina_Certificacion (472 vínculos M:N)
INSERT INTO maquina_certificacion (maquina_id, certificacion_id) VALUES
  (1, 1),
  (2, 1),
  (3, 1),
  (4, 1),
  (5, 1),
  (6, 1),
  (7, 1),
  (8, 1),
  (9, 1),
  (10, 1),
  (11, 1),
  (12, 1),
  (13, 1),
  (14, 1),
  (15, 1),
  (16, 1),
  (17, 1),
  (18, 1),
  (19, 1),
  (20, 1),
  (21, 1),
  (22, 1),
  (23, 1),
  (24, 1),
  (25, 1),
  (26, 1),
  (27, 1),
  (28, 1),
  (29, 1),
  (30, 1),
  (31, 1),
  (32, 1),
  (33, 1),
  (34, 1),
  (35, 1),
  (36, 1),
  (37, 1),
  (38, 1),
  (39, 1),
  (40, 1),
  (41, 1),
  (42, 1),
  (43, 1),
  (44, 1),
  (45, 1),
  (46, 1),
  (47, 1),
  (48, 1),
  (49, 1),
  (50, 1),
  (51, 1),
  (52, 1),
  (53, 1),
  (54, 1),
  (55, 1),
  (56, 2),
  (57, 2),
  (58, 2),
  (15, 2),
  (59, 2),
  (60, 2),
  (61, 2),
  (62, 2),
  (63, 2),
  (64, 2),
  (65, 2),
  (66, 2),
  (67, 2),
  (45, 2),
  (68, 2),
  (69, 2),
  (70, 2),
  (71, 2),
  (48, 2),
  (72, 2),
  (73, 2),
  (74, 2),
  (75, 2),
  (76, 2),
  (77, 2),
  (78, 2),
  (79, 2),
  (80, 2),
  (81, 2),
  (82, 2),
  (83, 2),
  (84, 2),
  (85, 2),
  (86, 2),
  (87, 2),
  (88, 2),
  (89, 2),
  (90, 2),
  (91, 2),
  (92, 2),
  (93, 2),
  (94, 2),
  (95, 2),
  (96, 2),
  (97, 2),
  (98, 2),
  (99, 2),
  (100, 2),
  (101, 2),
  (102, 2),
  (103, 2),
  (104, 2),
  (105, 2),
  (106, 2),
  (107, 2),
  (108, 2),
  (109, 2),
  (110, 2),
  (111, 2),
  (112, 2),
  (113, 2),
  (114, 3),
  (1, 3),
  (115, 3),
  (116, 3),
  (117, 3),
  (118, 3),
  (119, 3),
  (120, 3),
  (121, 3),
  (5, 3),
  (122, 3),
  (123, 3),
  (124, 3),
  (7, 3),
  (8, 3),
  (125, 3),
  (9, 3),
  (126, 3),
  (11, 3),
  (127, 3),
  (128, 3),
  (129, 3),
  (14, 3),
  (130, 3),
  (15, 3),
  (16, 3),
  (17, 3),
  (131, 3),
  (132, 3),
  (133, 3),
  (18, 3),
  (134, 3),
  (135, 3),
  (136, 3),
  (137, 3),
  (25, 3),
  (138, 3),
  (139, 3),
  (140, 3),
  (141, 3),
  (27, 3),
  (28, 3),
  (142, 3),
  (30, 3),
  (31, 3),
  (59, 3),
  (143, 3),
  (144, 3),
  (145, 3),
  (146, 3),
  (147, 3),
  (32, 3),
  (148, 3),
  (33, 3),
  (149, 3),
  (150, 3),
  (34, 3),
  (151, 3),
  (152, 3),
  (153, 3),
  (154, 3),
  (155, 3),
  (156, 3),
  (157, 3),
  (158, 3),
  (37, 3),
  (159, 3),
  (160, 3),
  (161, 3),
  (38, 3),
  (162, 3),
  (163, 3),
  (164, 3),
  (165, 3),
  (39, 3),
  (166, 3),
  (167, 3),
  (168, 3),
  (169, 3),
  (170, 3),
  (171, 3),
  (40, 3),
  (172, 3),
  (41, 3),
  (173, 3),
  (174, 3),
  (175, 3),
  (176, 3),
  (177, 3),
  (178, 3),
  (179, 3),
  (42, 3),
  (180, 3),
  (181, 3),
  (182, 3),
  (183, 3),
  (184, 3),
  (185, 3),
  (186, 3),
  (43, 3),
  (187, 3),
  (188, 3),
  (189, 3),
  (44, 3),
  (190, 3),
  (67, 3),
  (191, 3),
  (192, 3),
  (193, 3),
  (45, 3),
  (194, 3),
  (195, 3),
  (196, 3),
  (197, 3),
  (198, 3),
  (46, 3),
  (199, 3),
  (200, 3),
  (69, 3),
  (201, 3),
  (48, 3),
  (202, 3),
  (203, 3),
  (204, 3),
  (205, 3),
  (206, 3),
  (207, 3),
  (73, 3),
  (208, 3),
  (209, 3),
  (210, 3),
  (211, 3),
  (212, 3),
  (213, 3),
  (214, 3),
  (215, 3),
  (216, 3),
  (217, 3),
  (49, 3),
  (50, 3),
  (218, 3),
  (219, 3),
  (220, 3),
  (221, 3),
  (222, 3),
  (223, 3),
  (224, 3),
  (225, 3),
  (226, 3),
  (227, 3),
  (52, 3),
  (80, 3),
  (228, 3),
  (229, 3),
  (230, 3),
  (231, 3),
  (53, 3),
  (232, 3),
  (233, 3),
  (234, 3),
  (81, 3),
  (235, 3),
  (236, 3),
  (54, 3),
  (237, 3),
  (55, 3),
  (238, 3),
  (239, 3),
  (240, 3),
  (241, 3),
  (242, 3),
  (243, 3),
  (83, 3),
  (244, 3),
  (87, 3),
  (245, 3),
  (246, 3),
  (247, 3),
  (248, 3),
  (249, 3),
  (250, 3),
  (88, 3),
  (251, 3),
  (89, 3),
  (252, 3),
  (90, 3),
  (253, 3),
  (254, 3),
  (255, 3),
  (256, 3),
  (91, 3),
  (257, 3),
  (93, 3),
  (96, 3),
  (258, 3),
  (259, 3),
  (97, 3),
  (260, 3),
  (261, 3),
  (262, 3),
  (263, 3),
  (264, 3),
  (101, 3),
  (102, 3),
  (103, 3),
  (265, 3),
  (104, 3),
  (105, 3),
  (266, 3),
  (267, 3),
  (107, 3),
  (268, 3),
  (269, 3),
  (270, 3),
  (271, 3),
  (272, 3),
  (273, 3),
  (108, 3),
  (274, 3),
  (275, 3),
  (109, 3),
  (110, 3),
  (276, 3),
  (277, 3),
  (278, 3),
  (113, 3),
  (56, 4),
  (114, 4),
  (116, 4),
  (117, 4),
  (279, 4),
  (122, 4),
  (123, 4),
  (57, 4),
  (280, 4),
  (10, 4),
  (12, 4),
  (58, 4),
  (16, 4),
  (17, 4),
  (133, 4),
  (281, 4),
  (135, 4),
  (136, 4),
  (24, 4),
  (139, 4),
  (27, 4),
  (59, 4),
  (143, 4),
  (145, 4),
  (148, 4),
  (151, 4),
  (60, 4),
  (158, 4),
  (159, 4),
  (282, 4),
  (61, 4),
  (163, 4),
  (165, 4),
  (62, 4),
  (168, 4),
  (63, 4),
  (172, 4),
  (283, 4),
  (64, 4),
  (175, 4),
  (177, 4),
  (178, 4),
  (180, 4),
  (65, 4),
  (186, 4),
  (66, 4),
  (284, 4),
  (285, 4),
  (188, 4),
  (191, 4),
  (192, 4),
  (193, 4),
  (45, 4),
  (195, 4),
  (286, 4),
  (197, 4),
  (198, 4),
  (199, 4),
  (68, 4),
  (70, 4),
  (71, 4),
  (48, 4),
  (202, 4),
  (203, 4),
  (205, 4),
  (72, 4),
  (208, 4),
  (74, 4),
  (211, 4),
  (212, 4),
  (75, 4),
  (217, 4),
  (218, 4),
  (76, 4),
  (77, 4),
  (78, 4),
  (221, 4),
  (79, 4),
  (224, 4),
  (225, 4),
  (226, 4),
  (287, 4),
  (288, 4),
  (227, 4),
  (80, 4),
  (230, 4),
  (233, 4),
  (237, 4),
  (55, 4),
  (239, 4),
  (240, 4),
  (241, 4),
  (82, 4),
  (243, 4),
  (83, 4),
  (84, 4),
  (85, 4),
  (86, 4),
  (244, 4),
  (87, 4),
  (245, 4),
  (246, 4),
  (247, 4),
  (249, 4),
  (88, 4),
  (252, 4),
  (90, 4),
  (254, 4),
  (256, 4),
  (92, 4),
  (93, 4),
  (94, 4),
  (95, 4),
  (260, 4),
  (262, 4),
  (289, 4),
  (98, 4),
  (99, 4),
  (100, 4),
  (101, 4),
  (290, 4),
  (103, 4),
  (291, 4),
  (106, 4),
  (269, 4),
  (272, 4),
  (108, 4),
  (109, 4),
  (110, 4),
  (112, 4);

-- Reajustar las secuencias tras insertar ids explícitos
SELECT setval('certificaciones_id_seq', (SELECT MAX(id) FROM certificaciones));
SELECT setval('niveles_id_seq',          (SELECT MAX(id) FROM niveles));
SELECT setval('maquinas_id_seq',         (SELECT MAX(id) FROM maquinas));

COMMIT;
